/*
 Navicat Premium Data Transfer

 Source Server         : local
 Source Server Type    : MySQL
 Source Server Version : 50532
 Source Host           : localhost:3306
 Source Schema         : item

 Target Server Type    : MySQL
 Target Server Version : 50532
 File Encoding         : 65001

 Date: 26/02/2022 21:14:35
*/

SET NAMES utf8mb4;
SET FOREIGN_KEY_CHECKS = 0;

-- ----------------------------
-- Table structure for achievement
-- ----------------------------
DROP TABLE IF EXISTS `achievement`;
CREATE TABLE `achievement`  (
  `sid` int(10) NOT NULL,
  `tid` int(10) NOT NULL,
  `course` varchar(20) CHARACTER SET utf8 COLLATE utf8_general_ci NULL DEFAULT NULL,
  `grade` int(3) NULL DEFAULT NULL,
  PRIMARY KEY (`sid`, `tid`) USING BTREE,
  INDEX `tid`(`tid`) USING BTREE,
  CONSTRAINT `achievement_ibfk_1` FOREIGN KEY (`sid`) REFERENCES `student` (`sid`) ON DELETE RESTRICT ON UPDATE RESTRICT,
  CONSTRAINT `achievement_ibfk_2` FOREIGN KEY (`tid`) REFERENCES `teacher` (`tid`) ON DELETE RESTRICT ON UPDATE RESTRICT
) ENGINE = InnoDB CHARACTER SET = utf8 COLLATE = utf8_general_ci ROW_FORMAT = Compact;

-- ----------------------------
-- Records of achievement
-- ----------------------------

-- ----------------------------
-- Table structure for admin_menu
-- ----------------------------
DROP TABLE IF EXISTS `admin_menu`;
CREATE TABLE `admin_menu`  (
  `id` int(11) NOT NULL AUTO_INCREMENT,
  `path` varchar(64) CHARACTER SET utf8mb4 COLLATE utf8mb4_general_ci NULL DEFAULT NULL,
  `name` varchar(64) CHARACTER SET utf8mb4 COLLATE utf8mb4_general_ci NULL DEFAULT NULL,
  `name_zh` varchar(64) CHARACTER SET utf8mb4 COLLATE utf8mb4_general_ci NULL DEFAULT NULL,
  `icon_cls` varchar(64) CHARACTER SET utf8mb4 COLLATE utf8mb4_general_ci NULL DEFAULT NULL,
  `component` varchar(64) CHARACTER SET utf8mb4 COLLATE utf8mb4_general_ci NULL DEFAULT NULL,
  `parent_id` int(11) NULL DEFAULT NULL,
  PRIMARY KEY (`id`) USING BTREE
) ENGINE = InnoDB AUTO_INCREMENT = 11 CHARACTER SET = utf8mb4 COLLATE = utf8mb4_general_ci ROW_FORMAT = Compact;

-- ----------------------------
-- Records of admin_menu
-- ----------------------------
INSERT INTO `admin_menu` VALUES (1, '/admin', 'AdminIndex', '首页', 'el-icon-s-home', 'AdminIndex', 0);
INSERT INTO `admin_menu` VALUES (2, '/admin/dashboard', 'DashboardAdmin', '运行情况', NULL, 'user/Dash', 1);
INSERT INTO `admin_menu` VALUES (3, '/admin', 'User', '用户管理', 'el-icon-user', 'AdminIndex', 0);
INSERT INTO `admin_menu` VALUES (4, '/admin', 'Content', '内容管理', 'el-icon-tickets', 'AdminIndex', 0);
INSERT INTO `admin_menu` VALUES (5, '/admin', 'System', '系统配置', 'el-icon-s-tools', 'AdminIndex', 0);
INSERT INTO `admin_menu` VALUES (6, '/admin/user/profile', 'Profile', '用户信息', NULL, 'user/UserProfile', 3);
INSERT INTO `admin_menu` VALUES (7, '/admin/user/role', 'Role', '角色配置', NULL, 'user/Role', 3);
INSERT INTO `admin_menu` VALUES (8, '/admin/content/book', 'BookManagement', '图书管理', NULL, 'content/BookManagement', 4);
INSERT INTO `admin_menu` VALUES (9, '/admin/content/banner', 'BannerManagement', '广告管理', NULL, 'content/BannerManagement', 4);
INSERT INTO `admin_menu` VALUES (10, '/admin/content/article', 'ArticleManagement', '文章管理', NULL, 'content/ArticleManagement', 4);

-- ----------------------------
-- Table structure for admin_permission
-- ----------------------------
DROP TABLE IF EXISTS `admin_permission`;
CREATE TABLE `admin_permission`  (
  `id` int(11) NOT NULL AUTO_INCREMENT,
  `name` varchar(100) CHARACTER SET utf8 COLLATE utf8_general_ci NULL DEFAULT NULL,
  `desc_` varchar(100) CHARACTER SET utf8 COLLATE utf8_general_ci NULL DEFAULT NULL,
  `url` varchar(100) CHARACTER SET utf8 COLLATE utf8_general_ci NULL DEFAULT NULL,
  PRIMARY KEY (`id`) USING BTREE
) ENGINE = InnoDB AUTO_INCREMENT = 4 CHARACTER SET = utf8 COLLATE = utf8_general_ci ROW_FORMAT = Compact;

-- ----------------------------
-- Records of admin_permission
-- ----------------------------
INSERT INTO `admin_permission` VALUES (1, 'users_management', '用户管理', '/admin/user');
INSERT INTO `admin_permission` VALUES (2, 'roles_management', '角色管理', '/admin/role');
INSERT INTO `admin_permission` VALUES (3, 'content_management', '内容管理', '/admin/content');

-- ----------------------------
-- Table structure for admin_role
-- ----------------------------
DROP TABLE IF EXISTS `admin_role`;
CREATE TABLE `admin_role`  (
  `id` int(11) NOT NULL AUTO_INCREMENT,
  `name` varchar(100) CHARACTER SET utf8 COLLATE utf8_general_ci NULL DEFAULT NULL,
  `name_zh` varchar(100) CHARACTER SET utf8 COLLATE utf8_general_ci NULL DEFAULT NULL,
  `enabled` tinyint(1) NULL DEFAULT NULL,
  PRIMARY KEY (`id`) USING BTREE
) ENGINE = InnoDB AUTO_INCREMENT = 10 CHARACTER SET = utf8 COLLATE = utf8_general_ci ROW_FORMAT = Compact;

-- ----------------------------
-- Records of admin_role
-- ----------------------------
INSERT INTO `admin_role` VALUES (1, 'sysAdmin', '系统管理员', 1);
INSERT INTO `admin_role` VALUES (2, 'contentManager', '内容管理员', 1);
INSERT INTO `admin_role` VALUES (3, 'visitor', '访客', 1);
INSERT INTO `admin_role` VALUES (9, 'test', '测试角色', 1);

-- ----------------------------
-- Table structure for admin_role_menu
-- ----------------------------
DROP TABLE IF EXISTS `admin_role_menu`;
CREATE TABLE `admin_role_menu`  (
  `id` int(11) NOT NULL AUTO_INCREMENT,
  `rid` int(11) NULL DEFAULT NULL,
  `mid` int(11) NULL DEFAULT NULL,
  PRIMARY KEY (`id`) USING BTREE
) ENGINE = InnoDB AUTO_INCREMENT = 194 CHARACTER SET = utf8mb4 COLLATE = utf8mb4_general_ci ROW_FORMAT = Compact;

-- ----------------------------
-- Records of admin_role_menu
-- ----------------------------
INSERT INTO `admin_role_menu` VALUES (19, 4, 1);
INSERT INTO `admin_role_menu` VALUES (20, 4, 2);
INSERT INTO `admin_role_menu` VALUES (21, 3, 1);
INSERT INTO `admin_role_menu` VALUES (22, 3, 2);
INSERT INTO `admin_role_menu` VALUES (23, 9, 1);
INSERT INTO `admin_role_menu` VALUES (24, 9, 2);
INSERT INTO `admin_role_menu` VALUES (121, 1, 1);
INSERT INTO `admin_role_menu` VALUES (122, 1, 2);
INSERT INTO `admin_role_menu` VALUES (123, 1, 3);
INSERT INTO `admin_role_menu` VALUES (124, 1, 6);
INSERT INTO `admin_role_menu` VALUES (125, 1, 7);
INSERT INTO `admin_role_menu` VALUES (126, 1, 4);
INSERT INTO `admin_role_menu` VALUES (127, 1, 8);
INSERT INTO `admin_role_menu` VALUES (128, 1, 9);
INSERT INTO `admin_role_menu` VALUES (129, 1, 10);
INSERT INTO `admin_role_menu` VALUES (130, 1, 5);
INSERT INTO `admin_role_menu` VALUES (188, 2, 1);
INSERT INTO `admin_role_menu` VALUES (189, 2, 2);
INSERT INTO `admin_role_menu` VALUES (190, 2, 4);
INSERT INTO `admin_role_menu` VALUES (191, 2, 8);
INSERT INTO `admin_role_menu` VALUES (192, 2, 9);
INSERT INTO `admin_role_menu` VALUES (193, 2, 10);

-- ----------------------------
-- Table structure for admin_role_permission
-- ----------------------------
DROP TABLE IF EXISTS `admin_role_permission`;
CREATE TABLE `admin_role_permission`  (
  `id` int(20) NOT NULL AUTO_INCREMENT,
  `rid` int(20) NULL DEFAULT NULL,
  `pid` int(20) NULL DEFAULT NULL,
  PRIMARY KEY (`id`) USING BTREE,
  INDEX `fk_role_permission_role_1`(`rid`) USING BTREE,
  INDEX `fk_role_permission_permission_1`(`pid`) USING BTREE
) ENGINE = InnoDB AUTO_INCREMENT = 140 CHARACTER SET = utf8 COLLATE = utf8_general_ci ROW_FORMAT = Compact;

-- ----------------------------
-- Records of admin_role_permission
-- ----------------------------
INSERT INTO `admin_role_permission` VALUES (83, 5, 3);
INSERT INTO `admin_role_permission` VALUES (108, 1, 1);
INSERT INTO `admin_role_permission` VALUES (109, 1, 2);
INSERT INTO `admin_role_permission` VALUES (110, 1, 3);
INSERT INTO `admin_role_permission` VALUES (139, 2, 3);

-- ----------------------------
-- Table structure for admin_user_role
-- ----------------------------
DROP TABLE IF EXISTS `admin_user_role`;
CREATE TABLE `admin_user_role`  (
  `id` int(11) NOT NULL AUTO_INCREMENT,
  `uid` int(11) NULL DEFAULT NULL,
  `rid` int(11) NULL DEFAULT NULL,
  PRIMARY KEY (`id`) USING BTREE,
  INDEX `fk_operator_role_operator_1`(`uid`) USING BTREE,
  INDEX `fk_operator_role_role_1`(`rid`) USING BTREE
) ENGINE = InnoDB AUTO_INCREMENT = 85 CHARACTER SET = utf8 COLLATE = utf8_general_ci ROW_FORMAT = Compact;

-- ----------------------------
-- Records of admin_user_role
-- ----------------------------
INSERT INTO `admin_user_role` VALUES (63, 8, 2);
INSERT INTO `admin_user_role` VALUES (64, 1, 1);
INSERT INTO `admin_user_role` VALUES (67, 7, 1);
INSERT INTO `admin_user_role` VALUES (71, 14, 1);
INSERT INTO `admin_user_role` VALUES (73, 17, 1);
INSERT INTO `admin_user_role` VALUES (74, 17, 2);
INSERT INTO `admin_user_role` VALUES (75, 16, 1);
INSERT INTO `admin_user_role` VALUES (76, 16, 2);
INSERT INTO `admin_user_role` VALUES (77, 23, 1);
INSERT INTO `admin_user_role` VALUES (78, 23, 2);
INSERT INTO `admin_user_role` VALUES (79, 27, 1);
INSERT INTO `admin_user_role` VALUES (80, 27, 2);
INSERT INTO `admin_user_role` VALUES (81, 33, 1);
INSERT INTO `admin_user_role` VALUES (82, 33, 2);
INSERT INTO `admin_user_role` VALUES (83, 10, 1);
INSERT INTO `admin_user_role` VALUES (84, 10, 2);

-- ----------------------------
-- Table structure for book
-- ----------------------------
DROP TABLE IF EXISTS `book`;
CREATE TABLE `book`  (
  `id` int(11) NOT NULL AUTO_INCREMENT,
  `cover` varchar(255) CHARACTER SET utf8 COLLATE utf8_general_ci NULL DEFAULT '',
  `title` varchar(255) CHARACTER SET utf8 COLLATE utf8_general_ci NOT NULL DEFAULT '',
  `author` varchar(255) CHARACTER SET utf8 COLLATE utf8_general_ci NULL DEFAULT '',
  `date` varchar(20) CHARACTER SET utf8 COLLATE utf8_general_ci NULL DEFAULT '',
  `press` varchar(255) CHARACTER SET utf8 COLLATE utf8_general_ci NULL DEFAULT '',
  `abs` varchar(255) CHARACTER SET utf8 COLLATE utf8_general_ci NULL DEFAULT NULL,
  `cid` int(11) NULL DEFAULT NULL,
  PRIMARY KEY (`id`) USING BTREE,
  INDEX `fk_book_category_on_cid`(`cid`) USING BTREE,
  CONSTRAINT `fk_book_category_on_cid` FOREIGN KEY (`cid`) REFERENCES `category` (`id`) ON DELETE SET NULL ON UPDATE CASCADE
) ENGINE = InnoDB AUTO_INCREMENT = 70 CHARACTER SET = utf8 COLLATE = utf8_general_ci ROW_FORMAT = Compact;

-- ----------------------------
-- Records of book
-- ----------------------------
INSERT INTO `book` VALUES (1, 'https://i.loli.net/2019/04/10/5cadaa0d0759b.jpg', '且在人间', '余秀华', '2019-2-1', '湖南文艺出版社', '诗人余秀华中篇小说首次结集出版。\r\n\r\n        《且在人间》——以余秀华为生活原型，讲述一个残疾女人悲苦倔强、向死而生的故事。\r\n\r\n        女主人公周玉生活在乡村，患有“脑瘫”，她几乎被所有人漠视，甚至被整个社会抛弃，但是她渴望被当成一个普通的健康人,而不是带着怜悯或不屑，她只要求平等。爱情的缺 失，家庭的不幸，生活的种种际遇让周玉用诗歌的方式把 情感抒发出来，最终她用诗歌创作出了一个文学的世界，得到了人们的认可。', 2);
INSERT INTO `book` VALUES (2, 'https://bkimg.cdn.bcebos.com/pic/eac4b74543a982268656b1828d82b9014b90eb84?x-bce-process=image/resize,m_lfit,w_220,limit_1/format,f_auto', '三体', '刘慈欣', ' 2008-1', '重庆出版社', '文化大革命如火如荼进行的同时。军方探寻外星文明的绝秘计划“红岸工程”取得了突破性进展。但在按下发射键的那一刻，历经劫难的叶文洁没有意识到，她彻底改变了人类的命运。地球文明向宇宙发出的第一声啼鸣，以太阳为中心，以光速向宇宙深处飞驰……\r\n\r\n四光年外，“三体文明”正苦苦挣扎??三颗无规则运行的太阳主导下的百余次毁灭与重生逼迫他们逃离母星。而恰在此时。他们接收到了地球发来的信息。在运用超技术锁死地球人的基础科学之后。三体人庞大的宇宙舰队开始向地球进发……\r\n\r\n人类的末日悄然来临。', 2);
INSERT INTO `book` VALUES (32, 'https://i.loli.net/2019/04/10/5cada99bd8ca5.jpg', '叙事的虚构性', '[美] 海登·怀特 ', '2019-3', '南京大学出版社', '海登•怀特被誉为人类伟大的思想家之一。从1973年出版具有里程碑意义的专著《元史学》以来，怀特的作品对于历史学、文学研究、人类学、哲学、艺术史、电影传媒研究等将叙事学作为关注焦点的学科而言意义非凡。\n\n本书由罗伯特•多兰作序，他巧妙地将怀特重要但难得一见的文章汇集成册，研究探讨他关于历史书写和叙事的革命性理论。怀特的这些文章大多采用论文体，内容涉及多位思想家，探讨诸多主题，文笔犀利，语言优美。\n\n《叙事的虚构性》追溯怀特重要思想的演变轨迹，是历史编纂学者和学习者、历史理论和文学研究学者们的重要读物。', 3);
INSERT INTO `book` VALUES (35, 'https://i.loli.net/2019/04/10/5cada940e206a.jpg', '圣母', '[日]秋吉理香子 ', '2019-3', '新星出版社', '一起男童被害案搅得蓝出市人心惶惶。\n\n好不容易怀孕生产的保奈美抱紧年幼的孩子，立誓要不惜任何代价保护她。\n\n男人是在孩子出生后才成为父亲的，但女人，是从小生命来到体内的那一瞬间起，就是母亲了。患有不孕症的保奈美是经历过艰辛的治疗过程才终于有了孩子的，她不允许这起命案威胁到宝贵的孩子！\n\n母亲，就是要消除所有对子女的威胁，每一位母亲都应肩负这样的使命，这是神圣的天职！', 1);
INSERT INTO `book` VALUES (37, 'https://i.loli.net/2019/04/10/5cada8986e13a.jpg', '奢侈与逸乐', '[英]马克辛·伯格', '2019-3', '中国工人出版社', '本书探讨了十八世纪英国新式、时尚的消费品的发明、制造和购买。', 3);
INSERT INTO `book` VALUES (38, 'https://i.loli.net/2019/04/10/5cada8b8a3a17.jpg', '忧伤动物', '[德]莫妮卡·马龙 ', '2019-4', '漓江出版社', '“忧伤动物”(animal triste)这个词组取自一句最早可以追溯到亚里士多德时代的拉丁语名言，即“欢爱后，每个动物都忧伤不已”（Post coitum omne animal triste est）。无疑，这部冠以如此标题的小说让人有不祥的预感并暗示着宿命的思想。小说的女主人公是位近乎百岁的老人。在多年前有意斩断了与外界的一切联系之后，在她的后半生里，她唯一能做的就是或躺或坐在“印着鲜红、艳绿和深紫色的大花”、让人想起“食肉植物的花朵”的床单上，追忆几十年前她和自己...', 1);
INSERT INTO `book` VALUES (54, 'https://i.loli.net/2019/04/10/5cada9d9d23a6.jpg', '爱界', '[英] 费伊·韦尔登 ', '2019-3-1', '人民文学出版社', '去不去爱，爱的界限何在，一直是普拉克西丝的人生课题。\n\n年迈的她独自待在肮脏而昏暗的地下室里，想写回忆录，可她该写些什么呢？是写父母未婚同居生下了她，她还年幼天真无邪时，母女就遭父亲抛弃？还是写她曾经或是主动或是被动地成了未婚同居者、妻子、情人、母亲、后母？还是写她两年的牢狱生活？她想描绘二十世纪女性的众生相，想记录女性群体在情感、灵魂和思想方面所处的三重困境，想道出女性之间的大爱如何铸成姐妹之谊。', 3);
INSERT INTO `book` VALUES (55, 'https://i.loli.net/2019/04/10/5cada824c7119.jpg', '密室中的旅行', '[美] 保罗·奥斯特 ', '2019-3', '九州出版社', '一旦被抛进这个世界，我们就永远不会消失，即使造物者已经死去。\n\n.\n\n布兰克先生发现自己被囚禁在一个陌生的房间里，对过去的身份和经历一无所知。桌上有四叠六英寸厚的文稿，其中有一份未完待续的囚犯自述；还有一叠似曾相识的照片，照片中的人物将逐一登场。他续写了那个囚犯的故事，却发现自己正在经历的一切也早已被记录在文稿中……', 1);
INSERT INTO `book` VALUES (59, 'https://maoyan.com/films/1336183', '基本穿搭', '[日]大山旬 ', '2019-3', '四川人民出版社', '对穿衣搭配感到不耐烦，认为时尚很麻烦，穿什么都可以或者对衣服有着自己的想法但不够自信，本书就是为这样的人而准备的穿衣指南。不需要追随瞬息万变的时尚潮流，也不需要烦恼色彩搭配，只要掌握最低限度的知识和备齐常规单品，谁都能完成清爽得体的 80分搭配。', 4);
INSERT INTO `book` VALUES (60, 'https://i.loli.net/2019/04/10/5cada976927da.jpg', '冒牌人生', '陈思安', '2019-4', '四川文艺出版社', '《冒牌人生》收录了十篇短篇小说。十个故事分别以城市中的怪人为主角，他们默默无闻地生存在城市主流生活的边缘地带：或是等待手术的性别认同障碍者，或是武艺高强而深藏不露的夜市摊主，或是卧底追凶的底层保安，或是甘于...', 1);
INSERT INTO `book` VALUES (61, 'https://i.loli.net/2019/04/10/5cada9202d970.jpg', '战争哀歌', '[越]保宁 ', '2019-4', '湖南文艺出版社', '《战争哀歌》超越了战争，战争是它的背景，它的内核是关于逝去的青春，关于美和伤痛！\n\n一场突如其来的战争打碎了阿坚和阿芳这对年轻情侣的生活，在血肉横飞的战争中，主人公阿坚成了幸存者，但战争带来的伤痛还远远没有平息。那些经历仍旧萦绕在阿坚的生活之中，被战争毁灭的不仅 仅是阿坚， 阿芳也遭遇了难以想象的梦魇。时间越长，阿坚越觉得自己不是活着，而是被困在这人世间。', 1);
INSERT INTO `book` VALUES (62, 'https://i.loli.net/2019/04/10/5cada9c852298.jpg', '胡椒的全球史', '[美] 玛乔丽·谢弗 ', '2019-3', '上海三联出版社', '看似不起眼的胡椒，却是家家餐桌必备。在中世纪时，更是欧洲达官显贵们的最爱、财富与地位的象征。黑胡椒原产于印度，距离欧洲各港口有十万八千里之远，取之向来不易。商人们对其供应来源不遗余力的追寻，成为世界史上一股重要的推动力量，促成全球贸易的兴起，重新划定了世界经济版图。', 2);
INSERT INTO `book` VALUES (63, 'https://i.loli.net/2019/04/10/5cada962c287c.jpg', '与病对话', '胡冰霜', '2019-3-31', '北京联合出版公司', '一部融合科普性与趣味性、兼具心理学与哲学意味的医学散文。\n\n一位满怀仁心的资深医者对几十年行医生涯的回望与省思。\n\n全书以真实的病例和鲜活的故事贯穿始终，作者从一位全科医生、心理学者的视角观察、解读疾病与患者身心之关系，厘清大众对诸多常见疾病的误解...', 1);
INSERT INTO `book` VALUES (64, 'https://i.loli.net/2019/04/10/5cada858e6019.jpg', '上帝笑了99次', '[英]彼得·凯弗', '2019-2', '北京联合出版公司', '一只美洲羊驼会坠入爱河吗？机器人能变成人吗？怎样才能不赢得公主青睐？人类一思考，上帝就发笑。在99个奇妙、怪诞、滑稽的问题背后，其实是99个烧脑的哲学、道德、法律领域的经典悖论，也是99道极富挑战性的大思考测试。本书内容覆盖了大多数常见哲学话题，包括形而上学、逻辑学、伦理学、语言哲学、政治哲学、自我认知、人际关系、美学、存在主义等，还配有20多幅漫画插图。在锻炼思维之外，本书也能帮我们建立个性化的哲学知识体系。', 3);
INSERT INTO `book` VALUES (65, 'https://i.loli.net/2019/04/10/5cada8e1aa892.jpg', '互联网算法', '[美] 菲斯曼等 ', '2019-4', '江西人民出版社', '只要你租过房子、上网买过东西、自己经营过企业，那么你就处在商业变革的前线。在这场变革中，亚马逊、谷歌、优步等不同以往的企业取得了史无前例的成功，而促成这场变革的不只是科技进步，还有经济学思想。\n\n在这本趣味横生的书中，我们会看到，经济思想的革命远比科技革命更宏大。从谷歌广告的算法，到网上购物规避欺诈，都要依靠经济学家建立的经济模型，甚至连互联网公司...', 6);
INSERT INTO `book` VALUES (66, 'http://localhost:8081/book/file/wbqibk.jpg', '七侯笔录', '马伯庸', '2019-4-15', '湖南文艺出版社', '一个关于文化的离奇故事，一段关于文人的壮丽传说。\n\n几千年来，每一位风华绝代的文人墨客辞世之时，都会让自己的灵魂寄寓在一管毛笔之中。他们身躯虽去，才华永存，这些伟大的精神凝为性情不一的笔灵，深藏于世间，只为一句“不教天下才情付诸东流”的誓言。其中最伟大的七位古人，他们所凝聚的七管笔灵，被称为“管城七侯”。\n\n一位不学无术的现代少年，无意中邂逅了李白的青莲笔，命运就此与千年之前的诗仙交织一处，并为他开启了一个叫作笔冢的神秘世界。', 3);
INSERT INTO `book` VALUES (67, 'https://i.loli.net/2019/04/10/5cada9870c2ab.jpg', '中心与边缘', '[美] 希尔斯', '2019-3', '译林出版社', '美国著名社会学家爱德华·希尔斯的主要研究成果包括他对“克里斯玛”、“中心”和“边缘”等概念的解释，以及他对“大众社会”一词的修正，这些研究对分析政治和文化领导力以及社会凝聚力具有重要价值。本书对希尔斯数十载社会理论研究进行了全面而详细的总结，为解释与探究当代社会的结构与变化提供了极具科学性的参考依据。', 3);
INSERT INTO `book` VALUES (69, 'https://p0.meituan.net/movie/056cce783466d9531ad736068c2e134e4100879.jpg@464w_644h_1e_1c', '谋杀狄更斯', '[美] 丹西蒙斯 ', '2019-4', '上海文艺出版社', '“狄更斯的那场意外灾难发生在1865年6月9日，那列搭载他的成功、平静、理智、手稿与情妇的火车一路飞驰，迎向铁道上的裂隙，突然触目惊心地坠落了。”', 1);

-- ----------------------------
-- Table structure for category
-- ----------------------------
DROP TABLE IF EXISTS `category`;
CREATE TABLE `category`  (
  `id` int(11) NOT NULL,
  `name` varchar(255) CHARACTER SET utf8 COLLATE utf8_general_ci NOT NULL,
  PRIMARY KEY (`id`) USING BTREE
) ENGINE = InnoDB CHARACTER SET = utf8 COLLATE = utf8_general_ci ROW_FORMAT = Compact;

-- ----------------------------
-- Records of category
-- ----------------------------
INSERT INTO `category` VALUES (1, '文学');
INSERT INTO `category` VALUES (2, '流行');
INSERT INTO `category` VALUES (3, '文化');
INSERT INTO `category` VALUES (4, '生活');
INSERT INTO `category` VALUES (5, '经管');
INSERT INTO `category` VALUES (6, '科技');

-- ----------------------------
-- Table structure for jotter_article
-- ----------------------------
DROP TABLE IF EXISTS `jotter_article`;
CREATE TABLE `jotter_article`  (
  `id` int(11) NOT NULL AUTO_INCREMENT,
  `article_title` varchar(255) CHARACTER SET utf8mb4 COLLATE utf8mb4_general_ci NULL DEFAULT NULL,
  `article_content_html` longtext CHARACTER SET utf8mb4 COLLATE utf8mb4_general_ci NULL,
  `article_content_md` longtext CHARACTER SET utf8mb4 COLLATE utf8mb4_general_ci NULL,
  `article_abstract` varchar(255) CHARACTER SET utf8mb4 COLLATE utf8mb4_general_ci NULL DEFAULT NULL,
  `article_cover` varchar(255) CHARACTER SET utf8mb4 COLLATE utf8mb4_general_ci NULL DEFAULT NULL,
  `article_date` datetime NULL DEFAULT NULL,
  PRIMARY KEY (`id`) USING BTREE
) ENGINE = InnoDB AUTO_INCREMENT = 4 CHARACTER SET = utf8mb4 COLLATE = utf8mb4_general_ci ROW_FORMAT = Compact;

-- ----------------------------
-- Records of jotter_article
-- ----------------------------
INSERT INTO `jotter_article` VALUES (1, '凉风有兴', '凉风有兴，秋月无边，而我思乡的情绪好比度日如年。虽然我风流倜傥玉树临风，但我还是有聪明的头脑和强健的臂腕。', '凉风有兴，秋月无边，而我思乡的情绪好比度日如年。虽然我风流倜傥玉树临风，但我还是有聪明的头脑和强健的臂腕。', '凉风有兴，秋月无边，而我思乡的情绪好比度日如年。', 'https://i.loli.net/2020/01/16/d2ZlKI1WRE4p7XB.png', '2020-01-13 21:14:27');
INSERT INTO `jotter_article` VALUES (2, '爱你一万年', '<p>曾经有份真挚的爱情摆在我的面前，我没有珍惜，等到失去的时候才后悔莫急，人世间最痛苦的事莫过余此，如果上天在给我一次机会，我会对那个女孩说我爱你，如果要在这份爱上加个期限，我希望是一万年。</p>\n', '曾经有份真挚的爱情摆在我的面前，我没有珍惜，等到失去的时候才后悔莫急，人世间最痛苦的事莫过余此，如果上天在给我一次机会，我会对那个女孩说我爱你，如果要在这份爱上加个期限，我希望是一万年。', '曾经有份真挚的爱情摆在我的面前，我没有珍惜，等到失去的时候才后悔莫及，人世间最痛苦的事莫过于此。', 'https://i.loli.net/2020/01/16/DdGBk1R3mj5er6v.png', '2020-01-16 00:00:00');
INSERT INTO `jotter_article` VALUES (3, '《白卷》项目简介', '<p><img src=\"https://i.loli.net/2019/12/15/sYnuTIrDUwAfGgo.png\" alt=\"wjlogo.png\" /></p>\n<hr />\n<p><img src=\"https://img.shields.io/github/license/Antabot/White-Jotter\" alt=\"lisense\" /><br />\n<img src=\"https://img.shields.io/github/v/release/Antabot/White-Jotter\" alt=\"release\" /></p>\n<p>这是一个简单的前后端分离项目，主要采用 Vue.js + SpringBoot 技术栈开发。</p>\n<p>除了用作入门练习，我还希望该项目可以作为一些常见 Web 项目的脚手架，帮助大家简化搭建网站的流程。之所以叫白卷，是因为它从 0 开始，会随着时间的推移逐渐完善。</p>\n<p>欢迎加入微信圈子 【开发者】 分享、讨论学习经验：</p>\n<p><img src=\"https://i.loli.net/2020/01/17/HySWdM7wDfF8EKC.png\" alt=\"圈子\" /></p>\n<h1><a id=\"_17\"></a>整体效果</h1>\n<h2><a id=\"1_19\"></a>1.首页</h2>\n<p>作为展示页面，包括开发这个项目的主要参考资料、近期更新和 Slogan</p>\n<p><img src=\"https://img-blog.csdnimg.cn/20190403215932913.png\" alt=\"首页\" /></p>\n<h2><a id=\"2_25\"></a>2.图书馆</h2>\n<p>提供图书信息展示功能</p>\n<p><img src=\"https://i.loli.net/2019/12/03/AGLbIupct68ThBD.png\" alt=\"图书馆\" /></p>\n<h2><a id=\"3_31\"></a>3.登录页面</h2>\n<p><img src=\"https://i.loli.net/2019/04/14/5cb2fd5b78ae7.png\" alt=\"登录页面\" /></p>\n<h2><a id=\"4_35\"></a>4.后台管理</h2>\n<p>包含 dashboard、内容管理、用户及权限管理等</p>\n<p><img src=\"https://img-blog.csdnimg.cn/20191202200516251.png\" alt=\"后台\" /></p>\n<h1><a id=\"_41\"></a>技术栈</h1>\n<h2><a id=\"1_43\"></a>1.前端技术栈</h2>\n<p>1.Vue<br />\n2.ElementUI<br />\n3.axios</p>\n<h2><a id=\"2_49\"></a>2.后端技术栈</h2>\n<p>1.Spring Boot<br />\n2.Spring Data + JPA<br />\n3.MySQL<br />\n4.Shiro</p>\n<h1><a id=\"_56\"></a>部署方法</h1>\n<p>1.clone 项目到本地</p>\n<p><code>git clone https://github.com/Antabot/White-Jotter</code></p>\n<p>2.数据库脚本放在 <code>wj</code> 项目的根目录下，在MySQL中执行数据库脚本</p>\n<p>3.数据库配置在 <code>wj</code> 项目的 <code>src\\main\\resources</code> 目录下的<code>application.properties</code> 文件中，mysql 版本为 8.0.15</p>\n<p>4.在IntelliJ IDEA中运行 <code>wj</code> 项目，为了保证项目成功运行，可以右键点击 <code>pom.xml</code> 选择 maven -&gt; reimport ，并重启项目</p>\n<p>至此，服务端就启动成功了，同时，运行 <code>wj-vue</code> 项目，访问 <code>http://localhost:8080</code> ，即可进入登录页面，默认账号是 <code>admin</code>，密码是 <code>123</code></p>\n<p>如果要做二次开发，请继续看第五、六步。</p>\n<p>5.进入到 <code>wj-vue</code> 目录中，在命令行依次输入如下命令：</p>\n<pre><code class=\"lang-\"># 安装依赖\nnpm install\n\n# 在 localhost:8080 启动项目\nnpm run dev\n\n</code></pre>\n<p>由于在 <code>wj-vue</code> 项目中已经配置了端口转发，将数据转发到SpringBoot上，因此项目启动之后，在浏览器中输入 <code>http://localhost:8080</code> 就可以访问我们的前端项目了，所有的请求通过端口转发将数据传到 SpringBoot 中（注意此时不要关闭 SpringBoot 项目）。</p>\n<p>6.最后可以用 <code>WebStorm</code> 等工具打开 <code>wj-vue</code>项目，继续开发，开发完成后，当项目要上线时，依然进入到 <code>wj-vue</code> 目录，然后执行如下命令：</p>\n<pre><code class=\"lang-\">npm run build\n</code></pre>\n<p>该命令执行成功之后， <code>wj-vue</code> 目录下生成一个 <code>dist</code> 文件夹，可以将该文件夹中的两个文件 <code>static</code> 和 <code>index.html</code> 拷贝到 <code>wj</code> 项目中 <code>resources/static/</code> 目录下，然后直接运行 <code>wj</code> 项目，访问 <code>http://localhost:8443</code> ，实际上是把前端打包后作为静态文件，但不推荐使用这种方式。</p>\n<h1><a id=\"_93\"></a>教程</h1>\n<p>我在 CSDN 上分享了开发这个项目的教程，有兴趣的小伙伴可以点击下面的链接查看。</p>\n<p>1.<a href=\"https://blog.csdn.net/Neuf_Soleil/article/details/88925013\" target=\"_blank\">项目简介</a></p>\n<p>2.<a href=\"https://blog.csdn.net/Neuf_Soleil/article/details/88926242\" target=\"_blank\">使用 CLI 搭建 Vue.js 项目</a></p>\n<p>3.<a href=\"https://blog.csdn.net/Neuf_Soleil/article/details/88955387\" target=\"_blank\">前后端结合测试（登录页面开发）</a></p>\n<p>4.<a href=\"https://blog.csdn.net/Neuf_Soleil/article/details/89294300\" target=\"_blank\">数据库的引入</a></p>\n<p>5.<a href=\"https://blog.csdn.net/Neuf_Soleil/article/details/89298717\" target=\"_blank\">使用 Element 辅助前端开发</a></p>\n<p>6.<a href=\"https://learner.blog.csdn.net/article/details/89422585\" target=\"_blank\">前端路由与登录拦截器</a></p>\n<p>7.<a href=\"https://learner.blog.csdn.net/article/details/89853305\" target=\"_blank\">导航栏与图书页面设计</a></p>\n<p>8.<a href=\"https://learner.blog.csdn.net/article/details/92413933\" target=\"_blank\">数据库设计与增删改查</a></p>\n<p>9.<a href=\"https://learner.blog.csdn.net/article/details/95310666\" target=\"_blank\">核心功能的前端实现</a></p>\n<p>10.<a href=\"https://learner.blog.csdn.net/article/details/97619312\" target=\"_blank\">图片上传与项目的打包部署</a></p>\n<p>11.<a href=\"https://learner.blog.csdn.net/article/details/100849732\" target=\"_blank\">用户角色权限管理模块设计</a></p>\n<p>12.<a href=\"https://learner.blog.csdn.net/article/details/101121899\" target=\"_blank\">访问控制及其实现思路</a></p>\n<p>13.<a href=\"https://learner.blog.csdn.net/article/details/102690035\" target=\"_blank\">使用 Shiro 实现用户信息加密与登录认证</a></p>\n<p>14.<a href=\"https://learner.blog.csdn.net/article/details/102788866\" target=\"_blank\">用户认证方案与完善的访问拦截</a></p>\n<p>15.<a href=\"https://learner.blog.csdn.net/article/details/103114893\" target=\"_blank\">动态加载后台菜单</a></p>\n<p>16.<a href=\"https://learner.blog.csdn.net/article/details/103250775\" target=\"_blank\">功能级访问控制的实现</a></p>\n<p>(持续更新中)</p>\n<h1><a id=\"_131\"></a>近期更新</h1>\n<p>12-01 实现功能级权限控制<br />\n11-30 利用 vue-elment-admin 项目完善后台界面设计<br />\n11-17 重构项目，完成搭建后台基础界面，实现按角色加载菜单，取消前台访问限制<br />\n04-27 使用前端拦截器，数据库迁移至 mysql 8.0.15，后台管理页面初始化<br />\n04-13 完成图片的上传功能<br />\n04-11 完成图书分类功能<br />\n04-08 完成图书分页功能<br />\n04-06 完成图书查询功能<br />\n04-05 完成图书修改功能<br />\n04-04 完成图书删除功能<br />\n04-03 完成图书新增功能</p>\n', '![wjlogo.png](https://i.loli.net/2019/12/15/sYnuTIrDUwAfGgo.png)\n\n---\n\n![lisense](https://img.shields.io/github/license/Antabot/White-Jotter)\n![release](https://img.shields.io/github/v/release/Antabot/White-Jotter)\n\n\n这是一个简单的前后端分离项目，主要采用 Vue.js + SpringBoot 技术栈开发。\n\n除了用作入门练习，我还希望该项目可以作为一些常见 Web 项目的脚手架，帮助大家简化搭建网站的流程。之所以叫白卷，是因为它从 0 开始，会随着时间的推移逐渐完善。\n\n欢迎加入微信圈子 【开发者】 分享、讨论学习经验：\n\n![圈子](https://i.loli.net/2020/01/17/HySWdM7wDfF8EKC.png)\n\n\n# 整体效果\n\n## 1.首页\n\n作为展示页面，包括开发这个项目的主要参考资料、近期更新和 Slogan\n\n![首页](https://img-blog.csdnimg.cn/20190403215932913.png)\n\n## 2.图书馆\n\n提供图书信息展示功能\n\n![图书馆](https://i.loli.net/2019/12/03/AGLbIupct68ThBD.png)\n\n## 3.登录页面\n\n![登录页面](https://i.loli.net/2019/04/14/5cb2fd5b78ae7.png)\n\n## 4.后台管理\n\n包含 dashboard、内容管理、用户及权限管理等\n\n![后台](https://img-blog.csdnimg.cn/20191202200516251.png)\n\n# 技术栈\n\n## 1.前端技术栈\n\n1.Vue  \n2.ElementUI  \n3.axios   \n\n## 2.后端技术栈\n\n1.Spring Boot  \n2.Spring Data + JPA \n3.MySQL  \n4.Shiro\n\n# 部署方法\n\n1.clone 项目到本地\n\n`git clone https://github.com/Antabot/White-Jotter`\n\n2.数据库脚本放在 `wj` 项目的根目录下，在MySQL中执行数据库脚本  \n\n3.数据库配置在 `wj` 项目的 `src\\main\\resources` 目录下的`application.properties` 文件中，mysql 版本为 8.0.15   \n\n4.在IntelliJ IDEA中运行 `wj` 项目，为了保证项目成功运行，可以右键点击 `pom.xml` 选择 maven -> reimport ，并重启项目\n\n至此，服务端就启动成功了，同时，运行 `wj-vue` 项目，访问 `http://localhost:8080` ，即可进入登录页面，默认账号是 `admin`，密码是 `123`\n\n如果要做二次开发，请继续看第五、六步。\n\n5.进入到 `wj-vue` 目录中，在命令行依次输入如下命令：  \n\n```\n# 安装依赖\nnpm install\n\n# 在 localhost:8080 启动项目\nnpm run dev\n\n```  \n\n由于在 `wj-vue` 项目中已经配置了端口转发，将数据转发到SpringBoot上，因此项目启动之后，在浏览器中输入 `http://localhost:8080` 就可以访问我们的前端项目了，所有的请求通过端口转发将数据传到 SpringBoot 中（注意此时不要关闭 SpringBoot 项目）。\n\n6.最后可以用 `WebStorm` 等工具打开 `wj-vue`项目，继续开发，开发完成后，当项目要上线时，依然进入到 `wj-vue` 目录，然后执行如下命令：  \n\n```\nnpm run build\n```  \n\n该命令执行成功之后， `wj-vue` 目录下生成一个 `dist` 文件夹，可以将该文件夹中的两个文件 `static` 和 `index.html` 拷贝到 `wj` 项目中 `resources/static/` 目录下，然后直接运行 `wj` 项目，访问 `http://localhost:8443` ，实际上是把前端打包后作为静态文件，但不推荐使用这种方式。\n\n# 教程\n\n我在 CSDN 上分享了开发这个项目的教程，有兴趣的小伙伴可以点击下面的链接查看。  \n\n1.[项目简介](https://blog.csdn.net/Neuf_Soleil/article/details/88925013)\n\n2.[使用 CLI 搭建 Vue.js 项目](https://blog.csdn.net/Neuf_Soleil/article/details/88926242)\n\n3.[前后端结合测试（登录页面开发）](https://blog.csdn.net/Neuf_Soleil/article/details/88955387)\n\n4.[数据库的引入](https://blog.csdn.net/Neuf_Soleil/article/details/89294300)\n\n5.[使用 Element 辅助前端开发](https://blog.csdn.net/Neuf_Soleil/article/details/89298717)\n\n6.[前端路由与登录拦截器](https://learner.blog.csdn.net/article/details/89422585)\n\n7.[导航栏与图书页面设计](https://learner.blog.csdn.net/article/details/89853305)\n\n8.[数据库设计与增删改查](https://learner.blog.csdn.net/article/details/92413933)\n\n9.[核心功能的前端实现](https://learner.blog.csdn.net/article/details/95310666)\n\n10.[图片上传与项目的打包部署](https://learner.blog.csdn.net/article/details/97619312)\n\n11.[用户角色权限管理模块设计](https://learner.blog.csdn.net/article/details/100849732)\n\n12.[访问控制及其实现思路](https://learner.blog.csdn.net/article/details/101121899)\n\n13.[使用 Shiro 实现用户信息加密与登录认证](https://learner.blog.csdn.net/article/details/102690035)\n\n14.[用户认证方案与完善的访问拦截](https://learner.blog.csdn.net/article/details/102788866)\n\n15.[动态加载后台菜单](https://learner.blog.csdn.net/article/details/103114893)\n\n16.[功能级访问控制的实现](https://learner.blog.csdn.net/article/details/103250775)\n\n(持续更新中)\n\n# 近期更新\n \n12-01 实现功能级权限控制  \n11-30 利用 vue-elment-admin 项目完善后台界面设计  \n11-17 重构项目，完成搭建后台基础界面，实现按角色加载菜单，取消前台访问限制  \n04-27 使用前端拦截器，数据库迁移至 mysql 8.0.15，后台管理页面初始化  \n04-13 完成图片的上传功能  \n04-11 完成图书分类功能  \n04-08 完成图书分页功能  \n04-06 完成图书查询功能  \n04-05 完成图书修改功能  \n04-04 完成图书删除功能  \n04-03 完成图书新增功能\n', '白卷是一个简单的前后端分离项目，主要采用 Vue.js + SpringBoot 技术栈开发。', 'https://i.loli.net/2020/01/19/egDEfu5jXlJ6r3a.png', '2020-01-19 00:00:00');

-- ----------------------------
-- Table structure for student
-- ----------------------------
DROP TABLE IF EXISTS `student`;
CREATE TABLE `student`  (
  `sid` int(10) NOT NULL AUTO_INCREMENT,
  `sname` varchar(20) CHARACTER SET utf8 COLLATE utf8_general_ci NOT NULL,
  `age` int(3) NULL DEFAULT NULL,
  `gradeyear` int(3) NULL DEFAULT NULL,
  PRIMARY KEY (`sid`) USING BTREE
) ENGINE = InnoDB AUTO_INCREMENT = 1 CHARACTER SET = utf8 COLLATE = utf8_general_ci ROW_FORMAT = Compact;

-- ----------------------------
-- Records of student
-- ----------------------------

-- ----------------------------
-- Table structure for teacher
-- ----------------------------
DROP TABLE IF EXISTS `teacher`;
CREATE TABLE `teacher`  (
  `tid` int(10) NOT NULL AUTO_INCREMENT,
  `tname` varchar(20) CHARACTER SET utf8 COLLATE utf8_general_ci NOT NULL,
  `position` varchar(10) CHARACTER SET utf8 COLLATE utf8_general_ci NULL DEFAULT NULL,
  `age` int(3) NULL DEFAULT NULL,
  PRIMARY KEY (`tid`) USING BTREE
) ENGINE = InnoDB AUTO_INCREMENT = 1 CHARACTER SET = utf8 COLLATE = utf8_general_ci ROW_FORMAT = Compact;

-- ----------------------------
-- Records of teacher
-- ----------------------------

-- ----------------------------
-- Table structure for user
-- ----------------------------
DROP TABLE IF EXISTS `user`;
CREATE TABLE `user`  (
  `id` int(3) NOT NULL AUTO_INCREMENT,
  `name` varchar(20) CHARACTER SET utf8 COLLATE utf8_general_ci NOT NULL,
  `password` varchar(50) CHARACTER SET utf8 COLLATE utf8_general_ci NOT NULL,
  `salt` varchar(50) CHARACTER SET utf8 COLLATE utf8_general_ci NULL DEFAULT NULL,
  `phone` varchar(20) CHARACTER SET utf8 COLLATE utf8_general_ci NULL DEFAULT NULL,
  `email` varchar(30) CHARACTER SET utf8 COLLATE utf8_general_ci NULL DEFAULT NULL,
  `enabled` tinyint(1) NULL DEFAULT NULL,
  PRIMARY KEY (`id`) USING BTREE
) ENGINE = InnoDB AUTO_INCREMENT = 40 CHARACTER SET = utf8 COLLATE = utf8_general_ci ROW_FORMAT = Compact;

-- ----------------------------
-- Records of user
-- ----------------------------
INSERT INTO `user` VALUES (7, 'admin6', '229cfb1c81810a47232eb6b5b8b68591', 'dE1nJqX8Gx4VHFRo8vD/6A==', '2142353434', '1231423534@qq.com', 1);
INSERT INTO `user` VALUES (10, 'admin1', 'cae93621c6875ef8d933f4c6ac9b4819', 'mjrg5Kz3BsrnvBbdZikEdQ==', NULL, NULL, 1);
INSERT INTO `user` VALUES (16, 'admin4', '451bac052aa27adddc79ef8cf03ecbc1', 'NjlciWeksw9CO/Tdy+BJTg==', NULL, NULL, 1);
INSERT INTO `user` VALUES (17, 'admin2', '3dfc974b6d42eca7e6c9d53d0910a790', '6mbB8SP7ZxfqkmbaJeT1aw==', NULL, NULL, 1);
INSERT INTO `user` VALUES (20, 'qweqweq', 'b7cc58da29e739a654e98acbe4b9aeb0', '6U5cpaAx0Xmgpa+cU+79Uw==', NULL, NULL, 1);
INSERT INTO `user` VALUES (21, 'asdas', '4d7cfc95f290e6196d0d9b785e36f8e6', 'oIf977nTylhkgcSa1sg8ag==', NULL, NULL, 1);
INSERT INTO `user` VALUES (22, 'erw', '27511dca4e4f1eec5e5c3f7a07bf5b0f', 'rYPD+tYJ0a7HkSP3mpgRtg==', NULL, NULL, 1);
INSERT INTO `user` VALUES (25, 'DFGSFDG', '1c9b408d5dcf2506b6ae410ae8e03b90', 'mJTJ7cXVgWbpAFYZMmov7g==', NULL, NULL, NULL);
INSERT INTO `user` VALUES (35, 'zxczAS', '267abea336e06da30c4d04811583f6e2', '9ZeWIaq/UGwlTO0UTE/Iew==', NULL, NULL, NULL);
INSERT INTO `user` VALUES (36, 'CXVZX', 'ec3aa1029a74772f8eb26561c1079e97', 'LJKZSRvmoQH54026LzUWcw==', NULL, NULL, NULL);
INSERT INTO `user` VALUES (37, 'xCzxc', 'f824f551c52f4c1c73ea2fb0ac9f8da7', 'MEHZwIi3lMkNBemoOmgQvg==', NULL, NULL, NULL);
INSERT INTO `user` VALUES (38, 'DJHF', '561f5ea93c2e76734edc27a90c283942', 'WSKB+DxzwbDytRZQxdLfVQ==', NULL, NULL, NULL);
INSERT INTO `user` VALUES (39, 'DFGHDFGH', 'b0a957fcb2063dbf9d6733ff235942db', 'wyNH6D8fWLIv0gsDWSHPcg==', NULL, NULL, NULL);

SET FOREIGN_KEY_CHECKS = 1;
